Resources;lhv
METHANOL;6390
AMMONIA;5170
WOOD;2908
WASTE;3120
GAS;12500
DIESEL;12000
GASOLINE;12222.22222
LPG;12861.11111
LFO;11986.11111
CO2_CAPTURED;1000000
